case_id,T0,P0_atm,phi,t_end
c000,994.055,17.1012,1.6457,0.058463
c001,1246.805,9.5403,1.4774,0.159857
c002,965.702,1.5386,1.7536,0.092226
c003,1433.596,1.04,1.1681,0.147093
c004,1060.134,18.9601,1.8521,0.015812
c005,917.812,11.2868,1.9087,0.082429
c006,1051.62,9.0202,0.5436,0.052121
c007,1206.521,10.4204,0.8496,0.053865
c008,1053.147,9.7325,0.9347,0.014083
c009,1486.305,11.5726,1.4634,0.045322
c010,1594.78,17.339,0.6813,0.073212
c011,1405.039,14.5126,1.9047,0.0902
